OrganismID,Organism,Solanaceae,sequence_count
4072,Capsicum annuum (Bell pepper),1,99
4113,Solanum tuberosum (Potato),1,52
4097,Nicotiana tabacum (Common tobacco),1,22
4081,Solanum lycopersicum (Tomato) (Lycopersicon esculentum),1,19
80379,Capsicum chinense (Scotch bonnet) (Bonnet pepper),1,13
33114,Capsicum baccatum (Peruvian pepper),1,11
49451,Nicotiana attenuata (Coyote tobacco),1,11
4096,Nicotiana sylvestris (Wood tobacco) (South American tobacco),1,10
88036,Selaginella moellendorffii (Spikemoss),0,7
49390,Coffea canephora (Robusta coffee),0,6
4108,Solanum chacoense (Chaco potato),1,5
74649,Rosa chinensis (China rose),0,5
1504633,Panicum hallii var. hallii,0,4
109975,Solanum americanum (American black nightshade) (Solanum nodiflorum),1,4
58331,Quercus suber (Cork oak),0,4
267555,Cuscuta australis,0,4
107243,Noccaea caerulescens (Alpine penny-cress) (Thlaspi caerulescens),0,4
4112,Solanum nigrum (Black nightshade),1,4
888268,Dichanthelium oligosanthes,0,4
429701,Handroanthus impetiginosus,0,3
4615,Ananas comosus (Pineapple) (Ananas ananas),0,3
4558,Sorghum bicolor (Sorghum) (Sorghum vulgare),0,3
3760,Prunus persica (Peach) (Amygdalus persica),0,3
200316,Nicotiana obtusifolia,1,2
35889,Nicotiana glutinosa (Tobacco),1,2
4087,Nicotiana alata (Winged tobacco) (Persian tobacco),1,2
3694,Populus trichocarpa (Western balsam poplar) (Populus balsamifera subsp. trichocarpa),0,2
3880,Medicago truncatula (Barrel medic) (Medicago tribuloides),0,2
4577,Zea mays (Maize),0,2
77586,Leersia perrieri,0,2
3983,Manihot esculenta (Cassava) (Jatropha manihot),0,2
131158,Saccharum hybrid cultivar R570,0,2
4555,Setaria italica (Foxtail millet) (Panicum italicum),0,2
192259,Genlisea aurea,0,2
3702,Arabidopsis thaliana (Mouse-ear cress),0,2
15368,Brachypodium distachyon (Purple false brome) (Trachynia distachya),0,2
39946,Oryza sativa subsp. indica (Rice),0,1
29760,Vitis vinifera (Grape),0,1
40148,Oryza glumipatula,0,1
4572,Triticum urartu (Red wild einkorn) (Crithodium urartu),0,1
40149,Oryza meridionalis,0,1
4536,Oryza nivara (Indian wild rice) (Oryza sativa f. spontanea),0,1
4537,Oryza punctata (Red rice),0,1
4529,Oryza rufipogon (Brownbeard rice) (Asian wild rice),0,1
4565,Triticum aestivum (Wheat),0,1
206008,Panicum hallii,0,1
39947,Oryza sativa subsp. japonica (Rice),0,1
4533,Oryza brachyantha,0,1
63057,Trema orientale (Charcoal tree) (Celtis orientalis),0,1
3476,Parasponia andersonii (Sponia andersonii),0,1
3562,Spinacia oleracea (Spinach),0,1
172790,Solanum phureja,1,1
4111,Solanum melongena (Eggplant) (Aubergine),1,1
2094558,Prunus yedoensis var. nudiflora,0,1
22663,Punica granatum (Pomegranate),0,1
3988,Ricinus communis (Castor bean),0,1
4538,Oryza glaberrima (African rice),0,1
37682,Aegilops tauschii (Tausch's goatgrass) (Aegilops squarrosa),0,1
65489,Oryza barthii,0,1
4146,Olea europaea (Common olive),0,1
180498,Jatropha curcas (Barbados nut),0,1
112509,Hordeum vulgare subsp. vulgare (Domesticated barley),0,1
28930,Fagus sylvatica (Beechnut),0,1
71139,Eucalyptus grandis (Flooded gum),0,1
4155,Erythranthe guttata (Yellow monkey flower) (Mimulus guttatus),0,1
472368,Dorcoceras hygrometricum,0,1
906689,Dendrobium catenatum,0,1
79200,Daucus carota subsp. sativus,0,1
3827,Cicer arietinum (Chickpea) (Garbanzo),0,1
81985,Capsella rubella,0,1
51351,Brassica rapa subsp. pekinensis (Chinese cabbage) (Brassica pekinensis),0,1
109376,Brassica oleracea var. oleracea,0,1
33113,Atropa belladonna (Belladonna) (Deadly nightshade),1,1
81972,Arabidopsis lyrata subsp. lyrata (Lyre-leaved rock-cress),0,1
1088818,Apostasia shenzhenica,0,1
51240,Juglans regia (English walnut),0,1
981085,Morus notabilis,0,1
157652,Mucuna pruriens (Velvet bean) (Dolichos pruriens),0,1
200306,Nicotiana occidentalis subsp. hesperis,1,1
118712,Nicotiana umbratica,1,1
200300,Nicotiana spegazzinii,1,1
118709,Nicotiana simulans,1,1
4093,Nicotiana rustica (Aztec tobacco),1,1
76336,Nicotiana repanda,1,1
200315,Nicotiana pauciflora,1,1
118704,Nicotiana miersii,1,1
4086,Nicotiana acuminata (Acuminate tobacco),1,1
118703,Nicotiana megalosiphon,1,1
118701,Nicotiana linearis,1,1
200301,Nicotiana corymbosa,1,1
81866,Nicotiana clevelandii (Wild tobacco),1,1
118690,Nicotiana cavicola,1,1
4100,Nicotiana benthamiana,1,1
278839,Nicotiana quadrivalvis,1,1
